Architecture,Description,IoU (%),mIoU (%),F1-Score (%),Precision (%),Recall (%),Parameters (M),Inference Time (ms)
D-LinkNet,LinkNet con dilated convolutions,97.12818348350893,98.48044823419254,98.54316804315894,98.46748199872711,98.61898054311692,10.94973,12.660572528839111
LinkNet,Encoder-decoder con skip connections,94.70992309415365,97.16749270114038,97.28309345674019,97.9480615135908,96.62710329934214,6.228066,9.688878059387207
DANet,Dual Attention Network,93.5006595240659,96.5558186119066,96.64117416107388,96.01438821574445,97.2762073800064,0.90701,18.786907196044922
CCNet,Criss-Cross Attention Network,90.74931707156526,95.07675480898051,95.15034045347974,94.3733202511748,95.94027219494117,0.874786,12.2243070602417
HRNet,High-Resolution Network,89.18344784201791,94.36373149130164,94.2825010655957,92.69862492312338,95.92145358331521,0.870594,12.216887474060059
MSFANet,Multiscale Fusion Attention Network,70.4475442815357,84.17726377276601,82.66184217238558,82.48608706302412,82.83835789507305,9.075116,74.55699682235718
