{
  "model_name": "CCNet",
  "total_training_time_minutes": 12.082652735337614,
  "avg_epoch_time_seconds": 2.2547995690256357,
  "avg_batch_time_ms": 37.15238002625605,
  "avg_forward_time_ms": 7.82680974714458,
  "avg_backward_time_ms": 20.032627245411277,
  "avg_validation_time_seconds": 0.7958534558614095,
  "memory_usage": {
    "peak_memory_mb": 1064.0517578125,
    "current_memory_mb": 81.3603515625,
    "cached_memory_mb": 1368.0
  },
  "statistics": {
    "total_epochs": 300,
    "total_batches": 12000,
    "forward_time_std": 0.44973543943764643,
    "backward_time_std": 0.29513643094389286,
    "batch_time_std": 1.2055058271844512
  }
}