{
  "model_name": "DANet",
  "total_training_time_minutes": 12.587967732921243,
  "avg_epoch_time_seconds": 2.352385610640049,
  "avg_batch_time_ms": 50.0527500739942,
  "avg_forward_time_ms": 12.16736300351719,
  "avg_backward_time_ms": 28.61309208534658,
  "avg_validation_time_seconds": 0.8116320675859848,
  "memory_usage": {
    "peak_memory_mb": 1974.4560546875,
    "current_memory_mb": 81.90576171875,
    "cached_memory_mb": 2040.0
  },
  "statistics": {
    "total_epochs": 300,
    "total_batches": 12000,
    "forward_time_std": 0.6465126575240914,
    "backward_time_std": 0.32462670935858284,
    "batch_time_std": 1.3543442266797412
  }
}