{
  "model_name": "HRNet",
  "total_training_time_minutes": 12.06553179634114,
  "avg_epoch_time_seconds": 2.253937480648359,
  "avg_batch_time_ms": 37.06778628999988,
  "avg_forward_time_ms": 7.833717975144585,
  "avg_backward_time_ms": 19.999037648861606,
  "avg_validation_time_seconds": 0.7828128582487504,
  "memory_usage": {
    "peak_memory_mb": 1064.033203125,
    "current_memory_mb": 81.341796875,
    "cached_memory_mb": 1368.0
  },
  "statistics": {
    "total_epochs": 300,
    "total_batches": 12000,
    "forward_time_std": 0.5206729163488042,
    "backward_time_std": 0.3627689715805873,
    "batch_time_std": 1.4077425762326548
  }
}