{
  "model_name": "LinkNet",
  "total_training_time_minutes": 12.237748637671272,
  "avg_epoch_time_seconds": 2.2105160095294316,
  "avg_batch_time_ms": 26.69030747190118,
  "avg_forward_time_ms": 5.404234039286773,
  "avg_backward_time_ms": 11.845952808856964,
  "avg_validation_time_seconds": 0.7746015922476849,
  "memory_usage": {
    "peak_memory_mb": 557.83154296875,
    "current_memory_mb": 166.072265625,
    "cached_memory_mb": 718.0
  },
  "statistics": {
    "total_epochs": 300,
    "total_batches": 12000,
    "forward_time_std": 0.7726168134234013,
    "backward_time_std": 4.381532174157504,
    "batch_time_std": 5.324539120384405
  }
}