Architecture,Description,IoU (%),mIoU (%),F1-Score (%),Precision (%),Recall (%),Parameters (M),Inference Time (ms),Training Time (min),Avg Epoch Time (s),Avg Batch Time (ms),Forward Time (ms),Backward Time (ms)
LinkNet,Encoder-decoder con skip connections,98.42750505455369,99.15961959059251,99.20751668655262,99.15179742066272,99.26330862280935,6.228066,0.7723883500329976,9.198444681916666,1.7196359181999983,7.062502003081514,1.4441518885828373,3.9365252004983327
DANet,Dual Attention Network,93.05249278542772,96.2957637303766,96.4012291360915,94.29523610690818,98.60345223501031,0.90701,1.3750932399671,9.111418769150003,1.7008528922932935,16.419409693750445,3.944739318087386,10.535075639671883
D-LinkNet,LinkNet con dilated convolutions,89.43336696843511,94.37939016993913,94.42197397839516,94.81296958494134,94.03419986948094,10.94973,0.8978990999275993,9.15507944336667,1.7124530790066819,7.993551019756524,1.6912405986674912,4.5169462236651725
HRNet,High-Resolution Network,85.97839444665868,92.47564289455381,92.4606216280058,90.40814217962645,94.60846868631283,0.870594,0.9696475900273072,8.624190971000008,1.6086550795900136,12.495768299837664,2.648443272329738,8.001683512669539
CCNet,Criss-Cross Attention Network,79.96715453063742,89.24896262742352,88.86860522872101,83.42577220685962,95.07121663176426,0.874786,0.9872725999775867,8.520467033600001,1.5877661983433062,12.573470392996796,2.6807561697497326,8.000238113245814
MSFANet,Multiscale Fusion Attention Network,71.55025659582458,84.62084185134852,83.4160831129941,80.88320049479456,86.11274072565115,9.075116,4.7373264300586015,10.472418452549997,1.9662884329833528,41.18901146066613,12.703004478913348,26.193073793246487
