{
  "model_name": "D-LinkNet",
  "total_training_time_minutes": 9.15507944336667,
  "avg_epoch_time_seconds": 1.7124530790066819,
  "avg_batch_time_ms": 7.993551019756524,
  "avg_forward_time_ms": 1.6912405986674912,
  "avg_backward_time_ms": 4.5169462236651725,
  "avg_validation_time_seconds": 0.5842369955832813,
  "memory_usage": {
    "peak_memory_mb": 719.8837890625,
    "current_memory_mb": 240.1279296875,
    "cached_memory_mb": 770.0
  },
  "statistics": {
    "total_epochs": 300,
    "total_batches": 12000,
    "forward_time_std": 0.6563127267459647,
    "backward_time_std": 0.6092910977002072,
    "batch_time_std": 1.7074919383572118
  }
}