{
  "model_name": "DANet",
  "total_training_time_minutes": 9.111418769150003,
  "avg_epoch_time_seconds": 1.7008528922932935,
  "avg_batch_time_ms": 16.419409693750445,
  "avg_forward_time_ms": 3.944739318087386,
  "avg_backward_time_ms": 10.535075639671883,
  "avg_validation_time_seconds": 0.5986659094666569,
  "memory_usage": {
    "peak_memory_mb": 1974.4560546875,
    "current_memory_mb": 81.90576171875,
    "cached_memory_mb": 2122.0
  },
  "statistics": {
    "total_epochs": 300,
    "total_batches": 12000,
    "forward_time_std": 0.47303589069845575,
    "backward_time_std": 0.48703515150713594,
    "batch_time_std": 1.2869645172555955
  }
}