{
  "model_name": "LinkNet",
  "total_training_time_minutes": 9.198444681916666,
  "avg_epoch_time_seconds": 1.7196359181999983,
  "avg_batch_time_ms": 7.062502003081514,
  "avg_forward_time_ms": 1.4441518885828373,
  "avg_backward_time_ms": 3.9365252004983327,
  "avg_validation_time_seconds": 0.580990161200028,
  "memory_usage": {
    "peak_memory_mb": 656.83203125,
    "current_memory_mb": 166.697265625,
    "cached_memory_mb": 768.0
  },
  "statistics": {
    "total_epochs": 300,
    "total_batches": 12000,
    "forward_time_std": 0.6266382321403854,
    "backward_time_std": 2.935562598812356,
    "batch_time_std": 3.7806470667819956
  }
}