{
  "model_name": "MSFANet",
  "total_training_time_minutes": 10.472418452549997,
  "avg_epoch_time_seconds": 1.9662884329833528,
  "avg_batch_time_ms": 41.18901146066613,
  "avg_forward_time_ms": 12.703004478913348,
  "avg_backward_time_ms": 26.193073793246487,
  "avg_validation_time_seconds": 0.627095957233314,
  "memory_usage": {
    "peak_memory_mb": 3945.79736328125,
    "current_memory_mb": 264.5341796875,
    "cached_memory_mb": 5246.0
  },
  "statistics": {
    "total_epochs": 300,
    "total_batches": 12000,
    "forward_time_std": 1.0941088498717828,
    "backward_time_std": 2.418749462230781,
    "batch_time_std": 3.457516863063552
  }
}