Architecture,Description,IoU (%),mIoU (%),F1-Score (%),Precision (%),Recall (%),Parameters (M),Inference Time (ms),Training Time (min),Avg Epoch Time (s),Avg Batch Time (ms),Forward Time (ms),Backward Time (ms)
LinkNet,Encoder-decoder con skip connections,97.40862594734762,98.63629222070297,98.68729954900203,98.72120386423653,98.65342850676213,6.228066,1.8533257395029068,12.237748637671272,2.2105160095294316,26.69030747190118,5.404234039286773,11.845952808856964
D-LinkNet,LinkNet con dilated convolutions,96.15200809214781,97.96110814870502,98.0382552527263,98.29254440401353,97.78528837961666,10.94973,2.368128225207329,12.055558891966939,2.2535372474292914,30.405726203074057,6.351512126003702,14.667933573946357
HRNet,High-Resolution Network,90.19721751023268,94.80159612086472,94.8459855890733,94.83341128180564,94.85857323398173,0.870594,2.433716431260109,12.06553179634114,2.253937480648359,37.06778628999988,7.833717975144585,19.999037648861606
DANet,Dual Attention Network,89.69118242567727,94.5373507647907,94.56546850799052,91.26236333015477,98.11666528806086,0.90701,3.602703958749771,12.587967732921243,2.352385610640049,50.0527500739942,12.16736300351719,28.61309208534658
CCNet,Criss-Cross Attention Network,86.58830008157467,92.76302710067466,92.81213814479591,92.65611554373264,92.96869711532528,0.874786,2.4087487161159515,12.082652735337614,2.2547995690256357,37.15238002625605,7.82680974714458,20.032627245411277
MSFANet,Multiscale Fusion Attention Network,71.45239162207827,84.82788232817009,83.34953704865418,81.51609966180567,85.26735689219268,9.075116,14.380318745970726,28.691433791195355,5.501754255915682,129.42360501612225,47.34820456119875,72.75480810490747
